name,email,age,height,blood_type
Olin Buck,outlandish2060@gmail.com,41,1.92,B−
Kieth Alston,erasement1966@outlook.com,23,1.81,AB−
Faustino Osborne,campo1872@yahoo.com,43,1.83,AB+
Zachariah Levy,flamer1862@yahoo.com,19,1.95,B+
Leigh Kirby,burrus1920@live.com,40,1.57,B+
Jaquelyn Stevenson,dogged1816@outlook.com,34,1.76,B+
Catarina Goff,daymare1907@yahoo.com,22,1.64,AB+
Lashawnda Lyons,kindle2014@yandex.com,24,1.54,B+
Dana Beard,blackings1879@gmail.com,29,1.86,O+
Mafalda Myers,frazzled1845@live.com,44,1.59,A−
Greg Benjamin,capabler1838@yandex.com,23,1.91,O+
Gabriel Reese,electrified1815@outlook.com,30,1.63,A+
Shena Paul,chieftain1874@outlook.com,42,1.55,B+
Ben Talley,caelum1940@yahoo.com,32,1.93,A−
Val Stephenson,masseurs1930@gmail.com,45,1.90,A−
Scottie Downs,cologs2014@live.com,26,1.80,O+
Jesus Hess,daisi2026@yahoo.com,28,1.69,AB−
Sol Patterson,angelate1867@live.com,34,1.83,O−
Renaldo Fleming,dachshund1951@gmail.com,25,1.86,O−
Diego Walls,reddeer1993@gmail.com,26,1.86,O−
Delorse Ingram,chilicote1884@yandex.com,39,1.67,O−
Paris Valdez,arrowy2040@yahoo.com,20,1.50,O+
Danyell Spears,ateles1847@live.com,39,1.54,AB+
Nolan Jefferson,bifront1880@gmail.com,39,1.99,AB−
Macie Cooke,squeal2004@yandex.com,27,1.95,A+
Evelin Ferrell,celebrity2002@gmail.com,33,1.93,B−
Xenia Henderson,eleazar1918@yahoo.com,29,1.82,B+
Frances Hahn,alcyone2064@yandex.com,37,1.55,B−
Marquetta Moody,crescentia1909@yahoo.com,37,1.83,B+
Gerald Blair,bunchberry1909@yahoo.com,29,1.64,A+
Shawnee Underwood,durrell1975@outlook.com,21,1.59,A−
Elwood Villarreal,dolphin1831@outlook.com,23,1.92,O−
Russ Riley,alpaca2045@gmail.com,29,1.85,B+
Erick Vance,facer1833@gmail.com,45,1.61,A−
Mary Rhodes,schuss1858@live.com,45,1.83,A−
Jae Ball,bornagain1844@yandex.com,22,1.80,A−
Myesha Bartlett,emera2065@yahoo.com,29,1.84,B+
Muoi Molina,deliver1946@yahoo.com,42,1.90,A+
Marco Henry,braddock1910@yahoo.com,42,1.62,B−
Sandie Bender,piranha1890@gmail.com,27,1.94,A−
Mervin Byrd,awave2042@yahoo.com,26,1.96,B−
Yong Valdez,badge1957@live.com,42,1.85,A+
Angeles Delgado,takeout1913@yandex.com,41,1.51,O+
Robbie Guthrie,normalcy1913@live.com,18,1.93,B+
Gennie Hickman,scarcity1837@outlook.com,35,1.88,AB+
Bradley Larson,dustbox1885@live.com,32,1.51,A+
Corey O'neil,fletcher1925@live.com,35,1.90,A+
Marquis Morin,drakes1905@yahoo.com,23,1.81,O−
Magali Calhoun,cousins1878@yandex.com,22,1.81,A−
Yanira Willis,socked1807@yandex.com,36,1.70,AB−
Lee Ashley,tiger1833@yandex.com,35,1.82,AB−
Pete Johnson,anoop2006@live.com,44,1.78,AB+
Tommy Lucas,cow1960@live.com,45,1.93,A−
Grant Kelley,theist2024@outlook.com,30,1.71,A−
Porter Wolfe,dog1974@yandex.com,29,1.90,A−
Angle Sherman,roseola1861@gmail.com,20,1.82,O+
Tommie Warner,destructive1998@yahoo.com,28,1.70,A+
Terresa Wiggins,bagdad2012@outlook.com,22,1.96,AB+
Prince Wilkerson,bridgeman2050@live.com,21,1.72,B+
Victor Mcpherson,heartbreak2066@outlook.com,37,1.63,O+
Eusebio Dalton,aperies1918@outlook.com,43,1.57,AB+
Sylvester Ramos,foothill2020@gmail.com,18,1.51,B+
Yee Parrish,primeval1819@yahoo.com,35,1.85,B+
Helaine Tanner,chances1824@outlook.com,18,1.75,AB+
Garnett Coffey,etalon1846@yandex.com,20,1.68,AB−
Tommy Dawson,breaster1859@gmail.com,30,1.99,B−
Birgit Sellers,cranky1875@yandex.com,43,1.96,AB+
Jacinto Meyer,dextro2022@yahoo.com,41,1.88,O−
Minna Howe,asians2019@gmail.com,43,1.58,O−
Christopher Mejia,bossman1835@yahoo.com,31,1.62,AB−
Desirae Dejesus,antonin1916@yandex.com,30,1.97,O−
Emile Snyder,beachwear1910@gmail.com,37,1.97,O−
Victor Howard,dingley2068@outlook.com,25,1.53,B+
Sona Ryan,roseola1989@yahoo.com,38,1.85,B+
Salvatore Grant,herbivore1849@outlook.com,27,1.91,B−
Ted Walls,drainer2058@yandex.com,41,1.70,B+
Hans Collins,abdel1850@outlook.com,28,1.95,AB−
Franchesca Cooley,burry1938@yahoo.com,40,1.80,O+
Cruz Martinez,dotan1984@yandex.com,21,1.60,O+
Elayne Mcclure,abrupt1991@live.com,32,1.66,O+
Harry Freeman,llama2040@live.com,33,1.86,AB−
Lang House,caprice2008@live.com,44,1.99,B−
Riley Hubbard,dispatched1836@yahoo.com,26,1.64,AB−
Jamika Abbott,chocolatey2018@outlook.com,23,1.70,B−
Lourie Richardson,daylights1934@gmail.com,33,1.65,O+
Joslyn Underwood,aliyah1811@live.com,33,1.86,A−
Lee Bryant,carnell2054@gmail.com,34,1.55,A+
Lajuana Montgomery,desistance2044@yahoo.com,31,1.53,B+
Kera Gardner,dunlin1874@gmail.com,19,1.83,A+
Johnny Pittman,meteorology2046@yandex.com,22,1.78,O+
Micah Decker,sided1906@gmail.com,32,1.62,A−
Myron Dodson,fallacy1924@yandex.com,41,1.57,A+
Adam Baird,capitation1906@gmail.com,19,1.92,A+
Nakesha Pope,doodlebug1952@live.com,35,1.57,AB−
Reagan Morrow,unshackled1823@yandex.com,29,1.91,O+
Sharyl Anthony,protesting1828@gmail.com,44,1.93,B+
Eric Coleman,butting1927@gmail.com,41,1.53,B+
Julee Newman,abaft1824@gmail.com,20,1.78,B−
Arnette Robertson,burry1852@yahoo.com,22,1.94,A−
Lilli Gross,carapo1874@yandex.com,29,1.72,O−
